Meal,Station,Food Name,Ounces,Calories,Total Fat,Saturated Fat,Trans Fat,Cholesterol,Sodium,Total Carbohydrate,Dietary Fiber,Sugars,Protein,Calcium,Iron,Potassium,is_vegetarian,is_vegan,is_halal,allergens
All Day,Caesar,Caesar,7,143,6.17g,5.73g,0g,28.34mg,296.89mg,5.59g,3.57g,2.02g,24.75g,282.72mg,2.78mg,561.47mg,True,False,False,dairy
All Day,Chicken Caesar,Chicken Caesar,8,257,8.52g,5.74g,0g,77.19mg,357.66mg,3.94g,2.4g,1.38g,43.64g,265.28mg,2.24mg,424.43mg,False,False,False,dairy
All Day,Pollo Verdura,Pollo Verdura,12.81,340,12.45g,4.94g,0g,69.1mg,402.13mg,21.46g,7.04g,7.84g,31.59g,262.99mg,2.4mg,623.84mg,False,False,False,dairy
All Day,Gamberetti,Gamberetti,9,424,31.03g,7.68g,0.03g,135.43mg,774.21mg,5.81g,2.63g,1.4g,35.9g,322.17mg,2.7mg,538.82mg,False,False,False,"fish,dairy"
All Day,Mediterranean Salad,Mediterranean Salad,12.01,459,43.57g,0.14g,0g,0mg,3835.42mg,35.2g,7.11g,8.17g,6.74g,153.86mg,2.55mg,899.98mg,True,True,False,
All Day,Vegetarian Tagliata Salad,Vegetarian Tagliata Salad,10.5,190,9.76g,4.7g,0g,20.24mg,1178.2mg,16.61g,6.13g,4.52g,10.24g,297.51mg,2.2mg,483.75mg,True,False,False,dairy
All Day,Insalata Di Salmone,Insalata Di Salmone,11.51,254,13.9g,3.13g,0g,54.44mg,267.45mg,8.81g,3.69g,4.08g,23.98g,92.35mg,2.67mg,1072.06mg,False,False,False,fish
All Day,Pollo Parma,Pollo Parma,11.78,681,29.75g,13.86g,0g,111.36mg,905.07mg,48.92g,2.27g,3.44g,51.59g,670.04mg,1.34mg,433.94mg,False,False,False,"gluten,wheat,dairy"
All Day,Florentino,Florentino,12.25,888,55.34g,11.32g,0g,116.87mg,789.95mg,46.28g,2.22g,1.77g,43.12g,353.76mg,1.18mg,290.4mg,False,False,False,"soy,gluten,wheat,dairy,eggs"
All Day,Tacchino,Tacchino,15.75,955,60.31g,17.99g,0g,121.38mg,1910.82mg,53.52g,4.73g,3.35g,50.31g,434.53mg,1.7mg,1011.45mg,False,False,False,"soy,gluten,wheat,dairy,eggs"
All Day,Campania,Campania,10.84,394,11.09g,5.44g,0g,20.34mg,564.97mg,51.95g,4.58g,5.93g,21.23g,330.92mg,1.17mg,547.89mg,True,False,False,"gluten,wheat,dairy"
All Day,Heirloom Tomato Caprese,Heirloom Tomato Caprese,7.18,346,9.17g,5.51g,0g,22.86mg,486.51mg,49.18g,2.2g,3.86g,15.28g,46.52mg,0.98mg,253.84mg,True,False,False,"gluten,wheat,dairy,alcohol"
All Day,Pepperoni,Pepperoni,12,1031,64.04g,21.63g,0g,100.4mg,1620.54mg,70.23g,2.89g,2.41g,42.41g,552.7mg,2.24mg,237.56mg,False,False,False,"gluten,wheat,dairy"
All Day,Formaggi,Formaggi,10.75,820,44.36g,14.02g,0g,54.85mg,892.13mg,70.42g,3.02g,2.44g,35.07g,565.28mg,2.47mg,258.51mg,True,False,False,"gluten,wheat,dairy"
All Day,Genova,Genova,12.5,862,37.52g,19.42g,0.04g,141.05mg,1016.31mg,71.04g,2.34g,1.98g,58.28g,582.5mg,2.48mg,326.81mg,False,False,False,"gluten,wheat,dairy"
All Day,Margherita,Margherita,12.05,826,44.4g,14.04g,0g,54.81mg,893.6mg,71.89g,3.45g,3.52g,35.24g,559.45mg,2.39mg,342.7mg,True,False,False,"gluten,wheat,dairy"
All Day,Carnivora,Carnivora,13,915,48.67g,21.4g,0.52g,130.82mg,1770.27mg,75.26g,3.02g,3.76g,39.79g,466.06mg,2.76mg,314.83mg,False,False,False,"soy,gluten,wheat,dairy,eggs"
All Day,Sundried Tomato & Goat Cheese,Sundried Tomato & Goat Cheese,12,892,47.65g,15.24g,0g,65.98mg,797.09mg,82.88g,6.19g,37.92g,31.26g,464.68mg,2.01mg,216.03mg,True,False,False,"gluten,wheat,dairy"
All Day,Ranch Dressing,Ranch Dressing,1.96,232,24.59g,3.46g,0g,23.16mg,395.12mg,1.22g,0g,1.22g,0.84g,29.39mg,0.01mg,38.26mg,True,False,False,"soy,dairy,eggs"
All Day,Vegan Caesar Dressing,Vegan Caesar Dressing,2.16,180,20.06g,0.01g,0g,0mg,456.51mg,5.25g,0.17g,3.38g,0.32g,10.56mg,0.16mg,79.52mg,True,True,False,"soy,gluten,wheat,alcohol"
All Day,Balsamic Vinaigrette,Balsamic Vinaigrette,2.05,373,39.36g,2.81g,0g,0mg,393.26mg,1.23g,0.12g,0.93g,0.05g,2.29mg,0.05mg,6.25mg,True,True,False,alcohol
All Day,Red Wine Vinaigrette,Red Wine Vinaigrette,2.02,326,34.64g,2.48g,0g,0mg,307.32mg,0.35g,0.07g,0.06g,0.06g,1.83mg,0.03mg,6.01mg,True,True,False,alcohol
All Day,Purple Yam Ube,Purple Yam Ube,8,465,25.75g,15.46g,0g,90.16mg,141.69mg,54.09g,0g,51.53g,126.23g,502.34mg,0mg,0mg,True,False,False,dairy
All Day,Caramel Sea Salt,Caramel Sea Salt,8,567,28.34g,11.34g,0g,56.68mg,198.36mg,70.84g,2.83g,73.68g,11.34g,294.71mg,0mg,382.56mg,True,False,False,dairy
All Day,Chocolate Chip Coffee,Chocolate Chip Coffee,8,515,28.34g,20.61g,0g,90.16mg,141.69mg,54.09g,2.58g,51.53g,10.31g,291.11mg,2.58mg,2.58mg,True,False,False,"soy,gluten,wheat,dairy,eggs"
All Day,Cookies and Cream,Cookies and Cream,8,567,28.34g,15.46g,0g,77.28mg,257.62mg,64.41g,2.58g,54.09g,10.31g,334.9mg,0.93mg,0mg,True,False,False,"gluten,peanuts,wheat,dairy,eggs"
All Day,Dark Chocolate,Dark Chocolate,8,490,23.19g,12.88g,0g,167.44mg,128.81mg,64.41g,5.15g,59.26g,12.88g,265.35mg,2.58mg,324.59mg,True,False,False,"soy,peanuts,dairy,eggs"
All Day,Mint Chocolate Chip,Mint Chocolate Chip,8,515,18.02g,0g,0g,90.16mg,128.81mg,59.26g,2.58g,56.68g,10.31g,334.9mg,0.93mg,0mg,True,False,False,"soy,dairy"
All Day,Spumoni,Spumoni,8,429,22.67g,12.6g,0g,100.75mg,125.95mg,50.37g,0g,45.34g,10.07g,261.97mg,0mg,0mg,True,False,False,"soy,gluten,wheat,dairy,eggs"
All Day,Peanut Butter Cup,Peanut Butter Cup,8,620,38.65g,18.02g,0g,77.28mg,283.38mg,54.09g,2.58g,48.94g,15.46g,334.9mg,0.93mg,0mg,True,False,False,"soy,gluten,peanuts,wheat,dairy,eggs"
All Day,Strawberry Cheesecake,Strawberry Cheesecake,8,490,23.19g,12.88g,0g,90.16mg,167.44mg,59.26g,0g,56.68g,10.31g,293.69mg,0mg,0mg,True,False,False,"soy,gluten,peanuts,wheat,dairy,eggs"
All Day,Vanilla Bean,Vanilla Bean,8,454,25.19g,15.12g,0g,100.75mg,138.54mg,52.89g,0g,50.37g,7.55g,491.19mg,0mg,0mg,True,False,False,"soy,gluten,peanuts,wheat,dairy,eggs"
All Day,Banana Dulce de Leche,Banana Dulce de Leche,8,465,18.02g,11.58g,0g,77.28mg,141.69mg,59.26g,0g,7.73g,7.73g,298.84mg,2.58mg,113.35mg,True,False,False,"soy,gluten,peanuts,wheat,dairy"
All Day,Birthday Cake,Birthday Cake,8,490,12.88g,12.88g,0g,77.28mg,180.34mg,66.99g,0g,66.99g,7.73g,334.9mg,0mg,0mg,True,False,False,"soy,gluten,wheat,dairy,eggs"
All Day,Raspberry Pan Sorbet,Raspberry Pan Sorbet,8,0,0,0,0Cholesterol,0,0,0,0,0,0,0,0,0,True,False,False,
All Day,Strawberry Pan Sorbet,Strawberry Pan Sorbet,8,0,0g,0g,0g,0mg,906.8mg,680.1g,63.48g,22.67g,0g,0mg,0mg,0mg,True,False,False,
All Day,Alphonso Mango Sorbet,Alphonso Mango Sorbet,8,232,0g,0g,0g,0mg,0mg,59.26g,2.58g,56.68g,0g,0mg,0mg,2.58mg,True,False,False,
All Day,Pistachio,Pistachio,8,543,30.92g,15.46g,0g,90.16mg,270.5mg,51.53g,0g,48.94g,12.88g,334.9mg,0mg,0mg,True,False,False,"soy,gluten,peanuts,wheat,dairy,eggs"
All Day,Granola Clusters,Granola Clusters,2,219,2.72g,0g,0g,0mg,92.52mg,46.8g,4.35g,15.24g,4.35g,0mg,1.57mg,141.5mg,True,True,False,"soy,gluten,wheat"
All Day,Coconut Flakes,Coconut Flakes,1,132,7.05g,6.04g,0g,0mg,5.04mg,17.12g,4.03g,11.08g,0g,0mg,0mg,0mg,True,True,False,
All Day,Dried Cranberry,Dried Cranberry,1,65,0g,0g,0g,0mg,0mg,16.32g,0.99g,12.86g,0g,0mg,0mg,0mg,True,True,False,
All Day,Semi Sweet Chocolate Chips,Semi Sweet Chocolate Chips,2,265,15.1g,9.44g,0g,0mg,0mg,0g,3.78g,33.96g,3.78g,0mg,4.53mg,150.94mg,True,False,False,"soy,dairy"
All Day,Oreo Cookie Pieces,Oreo Cookie Pieces,1.5,205,7.85g,2.36g,0g,0mg,164.89mg,31.41g,17.27g,17.27g,1.57g,0mg,1.7mg,70.67mg,True,True,False,"soy,gluten,wheat"
All Day,M&M Milk Chocolate Chopped,M&M Milk Chocolate Chopped,2,285,13.22g,8.19g,0.1g,8.49mg,38.49mg,38.71g,1.53g,35.4g,2.71g,65.66mg,0.7mg,0mg,True,True,False,
All Day,Rainbow Sprinkles,Rainbow Sprinkles,2,272,11.26g,4.67g,3.96g,0mg,2.06mg,41.51g,0.2g,20.79g,0.93g,1.72mg,0.1mg,0mg,True,False,False,soy
All Day,Dark Chocolate Sauce,Dark Chocolate Sauce,1,105,0.94g,0g,0g,0mg,14.1mg,23.5g,0g,21.62g,0.94g,0mg,1.69mg,121.26mg,True,True,False,
All Day,Gummy Bears,Gummy Bears,2,57,0g,0g,0g,0mg,11.32mg,12.45g,0g,7.92g,0.57g,2.26mg,0mg,1.13mg,True,True,False,
All Day,Whipped Cream,Whipped Cream,1,0,0g,0g,0g,0mg,0mg,0g,0g,0g,0g,0mg,0mg,0mg,True,False,False,
All Day,Maraschino Cherry,Maraschino Cherry,0.03,2,0g,0g,0g,0mg,0mg,0.32g,0g,0.16g,0g,0mg,0mg,0mg,True,True,False,
All Day,Chocolate Chip Cookie,Chocolate Chip Cookie,4,482,23.08g,13.99g,0.01g,88.68mg,184.29mg,47.33g,2.84g,44.15g,7.24g,14.49mg,3.75mg,98.6mg,True,False,False,"soy,gluten,wheat,dairy,eggs,alcohol"
All Day,Oatmeal Raisin Cookie,Oatmeal Raisin Cookie,4.14,469,18.01g,10.21g,0g,65.01mg,227.32mg,71.42g,4.07g,34.06g,7.79g,33.79mg,2.49mg,229.98mg,True,False,True,"gluten,wheat,dairy,eggs"
All Day,Sea Salt Kettle Chips,Sea Salt Kettle Chips,1.52,231,13g,1.5g,0g,0mg,180mg,25g,2g,0g,3g,0mg,0mg,0mg,True,True,False,
All Day,BBQ Kettle Chips,BBQ Kettle Chips,1.5,213,12.11g,1.51g,0g,0mg,302.86mg,25.74g,1.51g,1.51g,3.03g,7.57mg,0.61mg,575.42mg,True,True,False,
All Day,Smartfood White Cheddar Popcorn,Smartfood White Cheddar Popcorn,1.5,243,15.14g,3.03g,0g,7.57mg,302.86mg,22.71g,3.03g,3.03g,4.54g,54.51mg,0.45mg,151.43mg,True,False,False,dairy
All Day,Baked Lays Potato Chips,Baked Lays Potato Chips,1.13,140,3.99g,0.5g,0g,0mg,179.44mg,23.93g,1.99g,2.99g,1.99g,9.97mg,0.3mg,249.22mg,True,True,False,soy
All Day,Jalapeno Kettle Chips,Jalapeno Kettle Chips,1.5,319,10.6g,1.51g,0g,0mg,287.71mg,24.23g,1.51g,0g,3.03g,0mg,0.55mg,0mg,True,False,False,dairy
All Day,Banana,Banana,5,126,0.47g,0.16g,0g,0mg,1.42mg,32.34g,3.68g,17.32g,1.54g,7.08mg,0.37mg,506.93mg,True,True,False,
All Day,Oranges,Oranges,5,67,0.17g,0.03g,0g,0mg,0mg,16.64g,3.4g,13.24g,1.33g,56.64mg,0.14mg,256.3mg,True,True,False,
All Day,Fuji Apple,Fuji Apple,5.66,102,0.29g,0g,0g,0mg,1.6mg,24.41g,3.37g,18.73g,0.32g,11.23mg,0.16mg,174.84mg,True,True,False,
All Day,Granny Smith Apple,Granny Smith Apple,6.4,105,0.34g,0g,0g,0mg,1.81mg,24.67g,5.08g,17.39g,0.8g,9.07mg,0.27mg,217.56mg,True,True,False,
All Day,Panini Roll,Panini Roll,65.75,4255,27.59g,3.54g,0g,2.05mg,2668.17mg,840.81g,27.59g,11g,137.74g,239.32mg,10.62mg,1151.7mg,True,True,True,"gluten,wheat"
All Day,Pizza Dough,Pizza Dough,5,324,2.1g,0.27g,0g,0.17mg,231.18mg,63.96g,2.1g,0.92g,10.46g,18.69mg,0.81mg,87.54mg,True,True,True,"gluten,wheat"
All Day,Whole Wheat Bread,Whole Wheat Bread,1.59,105,1.48g,0.53g,0g,3.07mg,144.34mg,19.34g,1.09g,2.81g,3.51g,28.62mg,0.41mg,66.09mg,True,False,True,"soy,gluten,wheat,dairy,eggs"
All Day,Ciabatta Roll,Ciabatta Roll,4,236,2.86g,0.41g,0g,0.05mg,471.35mg,44.02g,1.46g,0.2g,7.27g,18.11mg,0.56mg,60.72mg,True,True,True,"gluten,wheat"
All Day,White Hoagie Torpedo Roll,White Hoagie Torpedo Roll,5.98,547,9.5g,1.25g,0.03g,1.1mg,1377.34mg,98.42g,2.71g,4.78g,14.55g,41.99mg,1.12mg,126.81mg,True,True,True,"gluten,wheat"
All Day,Oatmeal Raisin Cookie,Oatmeal Raisin Cookie,4.14,469,18.01g,10.21g,0g,65.01mg,227.32mg,71.42g,4.07g,34.06g,7.79g,33.79mg,2.49mg,229.98mg,True,False,True,"gluten,wheat,dairy,eggs"
All Day,Chocolate Chip Cookie,Chocolate Chip Cookie,4,482,23.08g,13.99g,0.01g,88.68mg,184.29mg,47.33g,2.84g,44.15g,7.24g,14.49mg,3.75mg,98.6mg,True,False,False,"soy,gluten,wheat,dairy,eggs,alcohol"
